gesture,sample_id,x0,y0,z0,x1,y1,z1,x2,y2,z2,x3,y3,z3,x4,y4,z4,x5,y5,z5,x6,y6,z6,x7,y7,z7,x8,y8,z8,x9,y9,z9,x10,y10,z10,x11,y11,z11,x12,y12,z12,x13,y13,z13,x14,y14,z14,x15,y15,z15,x16,y16,z16,x17,y17,z17,x18,y18,z18,x19,y19,z19,x20,y20,z20
write,0,0.2297484427690506,0.7948099970817566,-8.05508051371362e-08,0.2874780297279358,0.7498920559883118,-0.023231690749526024,0.33172938227653503,0.6326196789741516,-0.030082382261753082,0.3129778504371643,0.5232948064804077,-0.03571975231170654,0.27330881357192993,0.4686053395271301,-0.04025521129369736,0.3182547092437744,0.4977478086948395,-0.01303109060972929,0.3329702615737915,0.37639710307121277,-0.02800680138170719,0.34239035844802856,0.30153679847717285,-0.03526999056339264,0.3455582559108734,0.23404672741889954,-0.0427359901368618,0.27193182706832886,0.5010226368904114,-0.016434378921985626,0.28234007954597473,0.42204320430755615,-0.04688648879528046,0.287056565284729,0.5327473878860474,-0.051847320050001144,0.2816128730773926,0.5826991200447083,-0.047300126403570175,0.23199574649333954,0.5272982716560364,-0.02233988605439663,0.24183864891529083,0.47453024983406067,-0.05968838557600975,0.2523963153362274,0.5842631459236145,-0.04959200695157051,0.24515394866466522,0.6163594722747803,-0.03393927961587906,0.19079512357711792,0.5667730569839478,-0.029698707163333893,0.20669680833816528,0.5234851837158203,-0.055528879165649414,0.21727152168750763,0.5969773530960083,-0.044508956372737885,0.20778252184391022,0.6205347776412964,-0.031540170311927795
write,1,0.5450326204299927,0.5292731523513794,9.257784938654368e-08,0.6062579154968262,0.5660034418106079,-0.01128846500068903,0.6791085004806519,0.5453808307647705,-0.012732644565403461,0.7212826013565063,0.4763835668563843,-0.017353205010294914,0.724372148513794,0.4060727059841156,-0.022621387615799904,0.6924146413803101,0.44284749031066895,0.017771143466234207,0.7366113066673279,0.3986796438694,0.008434808813035488,0.7690815925598145,0.3741004467010498,0.0032046951819211245,0.7936238050460815,0.3481851816177368,-0.0005780988140031695,0.6734845638275146,0.40402770042419434,0.013699812814593315,0.7189162969589233,0.3803504407405853,-0.012121266685426235,0.6870395541191101,0.4464528262615204,-0.018673641607165337,0.6595447659492493,0.46426236629486084,-0.012690425850450993,0.6505667567253113,0.3738015294075012,0.006441392935812473,0.6927149891853333,0.3602309226989746,-0.028439084067940712,0.6585419774055481,0.4318174421787262,-0.02467484213411808,0.6301496028900146,0.44497883319854736,-0.009843802079558372,0.6211152672767639,0.34399551153182983,-0.0008011270547285676,0.6655130982398987,0.3413465917110443,-0.025634920224547386,0.6457529067993164,0.39602595567703247,-0.01981681026518345,0.6224539279937744,0.4057222902774811,-0.00820827204734087
write,2,0.19219961762428284,0.7236384153366089,1.8405732760129467e-07,0.22247067093849182,0.6157252192497253,-0.03007141314446926,0.21064230799674988,0.4785264730453491,-0.04014710336923599,0.17050965130329132,0.37708109617233276,-0.05120937526226044,0.12208148092031479,0.31419214606285095,-0.06103092432022095,0.13387909531593323,0.42679116129875183,0.006054547615349293,0.083875373005867,0.35959455370903015,-0.012048822827637196,0.04023972898721695,0.3120155334472656,-0.023079294711351395,-0.00030243396759033203,0.2790045142173767,-0.031082207337021828,0.10681769251823425,0.46285974979400635,0.006539394147694111,0.07458938658237457,0.35901957750320435,-0.030849404633045197,0.12240846455097198,0.39796003699302673,-0.04340019449591637,0.14918261766433716,0.44046735763549805,-0.039164431393146515,0.08421185612678528,0.5093252658843994,0.0017483028350397944,0.05940328538417816,0.4205443561077118,-0.04469318315386772,0.1162852793931961,0.4772292375564575,-0.04137866571545601,0.14501072466373444,0.5341867804527283,-0.023011870682239532,0.0644199326634407,0.570631206035614,-0.005155201535671949,0.04991324245929718,0.4834398925304413,-0.04083670303225517,0.09292106330394745,0.5146965384483337,-0.037424568086862564,0.11829449236392975,0.5604455471038818,-0.02436683513224125
write,3,0.3133963346481323,0.797004222869873,1.9253140237651678e-07,0.35561174154281616,0.727539598941803,-0.028555678203701973,0.37195926904678345,0.6106256246566772,-0.04049347713589668,0.36751633882522583,0.5202931761741638,-0.05206703767180443,0.359969824552536,0.4383136034011841,-0.06174302101135254,0.3017299175262451,0.5137012004852295,-0.009590253233909607,0.2695752680301666,0.41828903555870056,-0.02771822363138199,0.247770756483078,0.35590463876724243,-0.037544701248407364,0.2263476401567459,0.3025563359260559,-0.04440518096089363,0.2737348675727844,0.5358508229255676,-0.00913300458341837,0.2833942174911499,0.4380301833152771,-0.04526473581790924,0.3219348192214966,0.500541090965271,-0.05437064543366432,0.33452537655830383,0.5542759895324707,-0.04963589459657669,0.2479707896709442,0.5716947317123413,-0.012937242165207863,0.2701016366481781,0.499616801738739,-0.055658381432294846,0.3035751283168793,0.5848188400268555,-0.0513639971613884,0.3042612671852112,0.6399587988853455,-0.03511374443769455,0.22296631336212158,0.6179870367050171,-0.018383417278528214,0.24642032384872437,0.5476365089416504,-0.04830766096711159,0.2757597863674164,0.6003352999687195,-0.04285507649183273,0.27792322635650635,0.6436629295349121,-0.030666064471006393
write,4,0.3870199918746948,0.5770167708396912,1.7753511372120556e-07,0.4513278901576996,0.6163346767425537,-0.026788363233208656,0.5305901169776917,0.6009485721588135,-0.03380376845598221,0.5872231125831604,0.5344216227531433,-0.04122088477015495,0.623124897480011,0.4619680643081665,-0.04767332598567009,0.5837806463241577,0.5206120014190674,0.002007910283282399,0.6521651148796082,0.5027238130569458,-0.015408973209559917,0.6951130032539368,0.49095314741134644,-0.02790888026356697,0.7323675751686096,0.4775233566761017,-0.0369797982275486,0.564873456954956,0.4561905562877655,0.0014263835037127137,0.6226749420166016,0.3894612491130829,-0.032408345490694046,0.5861690640449524,0.4312490224838257,-0.04527962580323219,0.5540502667427063,0.4685467779636383,-0.043240610510110855,0.5350815653800964,0.40554559230804443,-0.003289333079010248,0.5783373117446899,0.354392945766449,-0.04255842790007591,0.5414875745773315,0.4214492440223694,-0.039112091064453125,0.5119444727897644,0.46609875559806824,-0.02389993518590927,0.49652233719825745,0.36198216676712036,-0.010121861472725868,0.5347871780395508,0.33303898572921753,-0.03927230089902878,0.5160344839096069,0.3916267454624176,-0.0339689701795578,0.4953860640525818,0.434279203414917,-0.021153636276721954
write,5,0.30828365683555603,0.7130112648010254,4.389648893265985e-07,0.3199562132358551,0.5903453826904297,-0.021202050149440765,0.28616973757743835,0.4560329020023346,-0.02909369394183159,0.2477613091468811,0.36052000522613525,-0.04177611693739891,0.21304196119308472,0.2789168357849121,-0.05328971520066261,0.188208669424057,0.4626574218273163,0.01860104501247406,0.1232309564948082,0.40551626682281494,0.004447744227945805,0.09902383387088776,0.3592510223388672,-0.008392004296183586,0.08619888126850128,0.33564531803131104,-0.015879208222031593,0.16634204983711243,0.49047422409057617,0.013851623982191086,0.11170713603496552,0.3843103051185608,-0.017933059483766556,0.1419440656900406,0.3112020492553711,-0.039070792496204376,0.17997203767299652,0.29170480370521545,-0.04404360428452492,0.14774230122566223,0.5351890325546265,0.0033200993202626705,0.09802719950675964,0.44004586338996887,-0.035716328769922256,0.15153920650482178,0.4270091950893402,-0.048882246017456055,0.20070259273052216,0.45524391531944275,-0.04437348246574402,0.13230937719345093,0.5911998152732849,-0.008735314942896366,0.08326473832130432,0.5093513131141663,-0.03817245736718178,0.11720365285873413,0.49198898673057556,-0.04249277338385582,0.1569249927997589,0.5140148997306824,-0.037291910499334335
write,6,0.2923794388771057,0.6744171380996704,6.964614129856272e-08,0.3520748019218445,0.705498993396759,-0.029615800827741623,0.42851582169532776,0.6947298049926758,-0.04248986020684242,0.4713920056819916,0.6137658953666687,-0.05427950248122215,0.490385502576828,0.5294448733329773,-0.06406830251216888,0.490813285112381,0.618022084236145,-0.012326359748840332,0.5594292879104614,0.5910604000091553,-0.031533900648355484,0.6037917733192444,0.5736945271492004,-0.041330475360155106,0.6406093835830688,0.5504254102706909,-0.04881700128316879,0.465814471244812,0.5488238334655762,-0.013089933432638645,0.5128087997436523,0.528349757194519,-0.04776174575090408,0.4657643139362335,0.5822287201881409,-0.05473192408680916,0.43940120935440063,0.5946120619773865,-0.04908920079469681,0.43369194865226746,0.5008706450462341,-0.01762828603386879,0.4597930312156677,0.49488502740859985,-0.05854122340679169,0.41619426012039185,0.564306378364563,-0.0507676899433136,0.3972650170326233,0.5725510120391846,-0.034152399748563766,0.3961230218410492,0.46014732122421265,-0.024217648431658745,0.4223819673061371,0.46665114164352417,-0.05143672600388527,0.3958722949028015,0.5174620151519775,-0.04176343232393265,0.38196197152137756,0.5179941654205322,-0.027710389345884323
write,7,0.20817013084888458,0.7706120014190674,2.709067814521404e-07,0.24655792117118835,0.6638064384460449,-0.028933824971318245,0.24040913581848145,0.5214233994483948,-0.03952464833855629,0.20380322635173798,0.4220997989177704,-0.051200855523347855,0.16387939453125,0.3476000726222992,-0.06171447038650513,0.15640293061733246,0.47203612327575684,0.00578180281445384,0.11027079820632935,0.4084874987602234,-0.01243693009018898,0.07095590233802795,0.35140541195869446,-0.02197922207415104,0.03554031252861023,0.3103243112564087,-0.028524275869131088,0.12816983461380005,0.506136953830719,0.00568207073956728,0.1154433935880661,0.3975266218185425,-0.03215662017464638,0.16608403623104095,0.44965362548828125,-0.04174402728676796,0.1867351084947586,0.4970758259296417,-0.03443212807178497,0.10459742695093155,0.5500466227531433,-1.4724988432135433e-05,0.10460681468248367,0.45918768644332886,-0.049973513931035995,0.15746188163757324,0.5378203392028809,-0.04708566889166832,0.17031645774841309,0.5992622971534729,-0.027954861521720886,0.08312982320785522,0.6105383038520813,-0.006993697490543127,0.09295878559350967,0.520036518573761,-0.04520036652684212,0.13595423102378845,0.5682815313339233,-0.042163148522377014,0.14820066094398499,0.6175498962402344,-0.028986802324652672
write,8,0.5025466680526733,0.7939179539680481,1.2194753651328938e-07,0.5573063492774963,0.7860544323921204,-0.023995405063033104,0.611542820930481,0.7189741730690002,-0.04001742601394653,0.6465759873390198,0.651263952255249,-0.056638214737176895,0.6692063808441162,0.5833257436752319,-0.07086936384439468,0.5986232757568359,0.5573294162750244,-0.014726512134075165,0.6164553165435791,0.453946977853775,-0.035875581204891205,0.6310632824897766,0.3862290382385254,-0.04428475722670555,0.6376475095748901,0.3277837932109833,-0.049408309161663055,0.5679829716682434,0.5400675535202026,-0.017979562282562256,0.6232067942619324,0.5003780722618103,-0.05528198182582855,0.6190202236175537,0.6040418148040771,-0.05784999579191208,0.5996420979499817,0.644253671169281,-0.04789363965392113,0.5398662686347961,0.5387561321258545,-0.025181232020258904,0.5912700891494751,0.5434032678604126,-0.06571715325117111,0.5795062780380249,0.6395548582077026,-0.05544346198439598,0.5564117431640625,0.6605751514434814,-0.036557842046022415,0.5123292803764343,0.5521131753921509,-0.03403007239103317,0.5620455741882324,0.562285304069519,-0.05921025574207306,0.5552440285682678,0.6320927739143372,-0.04977916553616524,0.5326597094535828,0.6474534273147583,-0.035995032638311386
write,9,0.41682684421539307,0.8876581788063049,1.3750253913258348e-07,0.46608611941337585,0.8532358407974243,-0.028205610811710358,0.5016058683395386,0.7596755027770996,-0.04266431927680969,0.5198265314102173,0.6737816333770752,-0.05720757693052292,0.5209367871284485,0.5903948545455933,-0.07019565999507904,0.4692583382129669,0.6203828454017639,-0.013471744023263454,0.47867441177368164,0.5118399858474731,-0.03561856597661972,0.4900028705596924,0.4330401122570038,-0.04516497999429703,0.4935831129550934,0.37209969758987427,-0.05083255469799042,0.4372445046901703,0.6219083070755005,-0.015271751210093498,0.471547394990921,0.5484868288040161,-0.05384078249335289,0.48228126764297485,0.6534130573272705,-0.057558417320251465,0.4714958071708679,0.7044935822486877,-0.04756329581141472,0.4061805307865143,0.6374248266220093,-0.02175150066614151,0.4410669505596161,0.5991404056549072,-0.06710723787546158,0.44994398951530457,0.70453280210495,-0.05668420344591141,0.4343094527721405,0.7375702261924744,-0.03589526191353798,0.37272608280181885,0.6656243801116943,-0.03004208207130432,0.4092704951763153,0.6330640912055969,-0.0612771213054657,0.4196920096874237,0.7036179304122925,-0.051951415836811066,0.40483248233795166,0.7290159463882446,-0.036839280277490616
move,0,0.5473430752754211,0.6120245456695557,-2.1668812166808493e-07,0.6079090237617493,0.6071998476982117,-0.015108795836567879,0.6593743562698364,0.5650198459625244,-0.021813564002513885,0.6805424690246582,0.49380454421043396,-0.029711918905377388,0.6638778448104858,0.43627750873565674,-0.033786844462156296,0.6390907764434814,0.4577990770339966,0.003253603121265769,0.6719620823860168,0.4150950014591217,-0.021610282361507416,0.6593225598335266,0.483477920293808,-0.03346112743020058,0.6383130550384521,0.5113082528114319,-0.03665134683251381,0.6148859262466431,0.43263816833496094,0.00017181700968649238,0.6520289182662964,0.38823646306991577,-0.02870534360408783,0.6344805359840393,0.47507932782173157,-0.037134259939193726,0.6107599139213562,0.4942452311515808,-0.03452721983194351,0.5875037312507629,0.41242605447769165,-0.007189426105469465,0.6254899501800537,0.3804304003715515,-0.0397380068898201,0.6086673140525818,0.46821051836013794,-0.03435371816158295,0.5843355655670166,0.4823332726955414,-0.02093595638871193,0.5529496669769287,0.39610737562179565,-0.015026605688035488,0.5948375463485718,0.38040727376937866,-0.03452829271554947,0.587078332901001,0.44413092732429504,-0.02518208883702755,0.5655176043510437,0.4577955901622772,-0.012326854281127453
move,1,0.35132545232772827,0.6256658434867859,-3.2121332083079324e-07,0.4128345251083374,0.6151232123374939,-0.020288659259676933,0.47579875588417053,0.5554401874542236,-0.026989424601197243,0.48885658383369446,0.45505332946777344,-0.03191472589969635,0.4526304006576538,0.4060077965259552,-0.03183000534772873,0.45775526762008667,0.4423949122428894,-0.003960600588470697,0.47925806045532227,0.3736847937107086,-0.026959119364619255,0.46048447489738464,0.45170149207115173,-0.03912340849637985,0.44793611764907837,0.48364076018333435,-0.04462477192282677,0.42315343022346497,0.4171203374862671,-0.004066960886120796,0.4427761733531952,0.3506471812725067,-0.02996540069580078,0.42771849036216736,0.4507603347301483,-0.036180876195430756,0.4166755974292755,0.4755898416042328,-0.0335998497903347,0.3881806433200836,0.40949150919914246,-0.007945327088236809,0.40259605646133423,0.35605019330978394,-0.0343933030962944,0.3962113559246063,0.4504813849925995,-0.024708714336156845,0.38740652799606323,0.4726850092411041,-0.011097266338765621,0.3483941853046417,0.4111299216747284,-0.013212447986006737,0.3653774857521057,0.3776535093784332,-0.027028491720557213,0.36621803045272827,0.44329917430877686,-0.015326361171901226,0.36026227474212646,0.4602370858192444,-0.002545682480558753
move,2,0.4012409448623657,0.32680535316467285,-2.5472641596024914e-07,0.45752570033073425,0.33758193254470825,-0.021433094516396523,0.5194461345672607,0.28242427110671997,-0.026354892179369926,0.5379998683929443,0.17575538158416748,-0.029123768210411072,0.5112897753715515,0.10737887024879456,-0.027683936059474945,0.5085216164588928,0.1839156597852707,0.0006117809098213911,0.5273209810256958,0.12921300530433655,-0.022825557738542557,0.5094690322875977,0.18609189987182617,-0.034504372626543045,0.4953276515007019,0.21458229422569275,-0.038989242166280746,0.47755420207977295,0.14921383559703827,0.0018243812955915928,0.4962444007396698,0.08213195949792862,-0.02861378900706768,0.47996217012405396,0.17945893108844757,-0.037044648081064224,0.4675174653530121,0.2168596237897873,-0.03366360440850258,0.44399362802505493,0.1314941942691803,-0.0010312861995771527,0.45899471640586853,0.07242763787508011,-0.03575637564063072,0.44817787408828735,0.17464038729667664,-0.02748931385576725,0.43705204129219055,0.2063511461019516,-0.011309578083455563,0.4034600555896759,0.12251957505941391,-0.004678578115999699,0.4223845601081848,0.08302206546068192,-0.02715032920241356,0.4192570447921753,0.15418973565101624,-0.01779037155210972,0.41247138381004333,0.17593929171562195,-0.004150541499257088
move,3,0.32013043761253357,0.8322225213050842,-3.349594237533893e-07,0.3812960982322693,0.8132292628288269,-0.022998925298452377,0.4431654214859009,0.73640376329422,-0.03213220089673996,0.45925790071487427,0.6393707394599915,-0.03976228088140488,0.4254693388938904,0.5882778167724609,-0.04119371622800827,0.42475253343582153,0.6125407814979553,-0.005556334741413593,0.45328980684280396,0.542116641998291,-0.03244856745004654,0.43581917881965637,0.6340543031692505,-0.04389272257685661,0.4193136394023895,0.657594621181488,-0.04833263158798218,0.3868183195590973,0.5932708978652954,-0.006352356169372797,0.4133182466030121,0.5241320133209229,-0.03630124405026436,0.4000275433063507,0.6376442313194275,-0.04101231321692467,0.38604801893234253,0.6484165787696838,-0.03650202974677086,0.34695902466773987,0.5907438397407532,-0.011775444261729717,0.36970704793930054,0.5390183329582214,-0.044371142983436584,0.3647933304309845,0.645419716835022,-0.03332994878292084,0.3528585731983185,0.6526458263397217,-0.017389455810189247,0.30364570021629333,0.5951097011566162,-0.018511850386857986,0.32887688279151917,0.5645204186439514,-0.035538479685783386,0.3315564692020416,0.63560950756073,-0.021867219358682632,0.3205794394016266,0.6448301076889038,-0.007008533459156752
move,4,0.3535051643848419,0.6735414266586304,-2.333421491584886e-07,0.3472951352596283,0.5618927478790283,0.017506733536720276,0.37012365460395813,0.4788225293159485,0.015974832698702812,0.4115068018436432,0.4516574740409851,0.007992912083864212,0.4418557286262512,0.46135008335113525,0.002133240457624197,0.3562919497489929,0.39878568053245544,0.018558789044618607,0.4350599944591522,0.40332096815109253,0.009884255938231945,0.4303555190563202,0.45364055037498474,0.0019732527434825897,0.4094814360141754,0.4759801924228668,-0.005452930927276611,0.3735227882862091,0.4042389392852783,0.00042736780596897006,0.45541542768478394,0.4248335659503937,-0.005092790815979242,0.4434790313243866,0.4779842495918274,-0.008036382496356964,0.4197305142879486,0.49437999725341797,-0.011176812462508678,0.39626187086105347,0.4286237955093384,-0.017610860988497734,0.4738473892211914,0.4550844430923462,-0.018491780385375023,0.45929625630378723,0.5129831433296204,-0.013363770209252834,0.435197114944458,0.5250017046928406,-0.012068284675478935,0.42454665899276733,0.4686162769794464,-0.03585009276866913,0.4832593500614166,0.5054133534431458,-0.03141386806964874,0.46683093905448914,0.5533005595207214,-0.024770833551883698,0.44280996918678284,0.5626133680343628,-0.02171565592288971
move,5,0.2442593276500702,0.6928755044937134,-3.471357956641441e-07,0.3102024495601654,0.6794002056121826,-0.0215749554336071,0.37427860498428345,0.6206924915313721,-0.02858784794807434,0.38922861218452454,0.513544499874115,-0.034103285521268845,0.35505303740501404,0.4570049047470093,-0.03326188027858734,0.3663420081138611,0.5045744180679321,-0.00020354613661766052,0.388455867767334,0.429560124874115,-0.025092434138059616,0.36651188135147095,0.5107595920562744,-0.036850351840257645,0.35531067848205566,0.539281964302063,-0.04166437312960625,0.32929515838623047,0.4767133891582489,-0.00024571531685069203,0.34906744956970215,0.4086693525314331,-0.02933657355606556,0.33123788237571716,0.5163829922676086,-0.03475771099328995,0.323393851518631,0.5347081422805786,-0.03108709491789341,0.29118186235427856,0.4672040641307831,-0.0047751828096807,0.30630436539649963,0.4095034599304199,-0.036307211965322495,0.29638686776161194,0.5113812685012817,-0.024762718006968498,0.2881718873977661,0.5300330519676208,-0.008334103040397167,0.2481614351272583,0.46628114581108093,-0.010639946907758713,0.2666662335395813,0.42558640241622925,-0.026673750951886177,0.2654874622821808,0.4948626458644867,-0.012715095654129982,0.25788450241088867,0.5102697610855103,0.0025861687026917934
move,6,0.6455243825912476,0.5671894550323486,-2.413581512428209e-07,0.6916815042495728,0.6642851233482361,-0.019328026100993156,0.7562756538391113,0.7448998689651489,-0.022883394733071327,0.8179867267608643,0.7241582870483398,-0.026857158169150352,0.8344312906265259,0.6437889337539673,-0.026122815907001495,0.7921396493911743,0.702273428440094,0.013671007007360458,0.832379937171936,0.7061989903450012,-0.008956532925367355,0.7900539636611938,0.6985321044921875,-0.022208094596862793,0.7722126245498657,0.6948432326316833,-0.027763575315475464,0.792034924030304,0.6339797973632812,0.013248126953840256,0.8332372903823853,0.6326495409011841,-0.012671994976699352,0.7774630784988403,0.6376314163208008,-0.019455771893262863,0.7608079314231873,0.634071409702301,-0.01599765010178089,0.7840560674667358,0.5689806938171387,0.007439520210027695,0.8255153298377991,0.5617660880088806,-0.024006469175219536,0.7680374383926392,0.5788676738739014,-0.014437020756304264,0.7469069957733154,0.5772649645805359,0.0019860940519720316,0.7705671191215515,0.49583810567855835,0.0003095814026892185,0.8042454719543457,0.5060091614723206,-0.016551947221159935,0.766329824924469,0.5205798745155334,-0.00348854623734951,0.7484893798828125,0.5173535346984863,0.012129045091569424
move,7,0.17320860922336578,0.4669419527053833,-2.479914087416546e-07,0.23570004105567932,0.4325193166732788,-0.014091757126152515,0.2696041464805603,0.329527884721756,-0.011877248995006084,0.2552538812160492,0.22522976994514465,-0.008767370134592056,0.21481233835220337,0.21360960602760315,-0.003532339818775654,0.23284809291362762,0.2684222161769867,0.009383243508636951,0.23022273182868958,0.2035735845565796,-0.005601873155683279,0.23270390927791595,0.26114189624786377,-0.015970535576343536,0.23677034676074982,0.30732521414756775,-0.021020155400037766,0.19904424250125885,0.26813316345214844,0.010332189500331879,0.19076675176620483,0.2024487853050232,-0.009222427383065224,0.19881129264831543,0.28098756074905396,-0.017100149765610695,0.2031860053539276,0.3249460458755493,-0.016121407970786095,0.1672951877117157,0.27823007106781006,0.007837641052901745,0.1577291190624237,0.22279681265354156,-0.0174760352820158,0.17063361406326294,0.30246514081954956,-0.014954186044633389,0.17710432410240173,0.34342092275619507,-0.005480288993567228,0.13276219367980957,0.2968512177467346,0.004795745946466923,0.12871795892715454,0.24863161146640778,-0.01356731727719307,0.13915851712226868,0.307891309261322,-0.008384907618165016,0.14593254029750824,0.3442044258117676,0.0006748191080987453
move,8,0.3322574198246002,0.9189674854278564,-3.3498668017273303e-07,0.39359742403030396,0.8537393808364868,-0.016653956845402718,0.4368274211883545,0.7482088804244995,-0.02254163846373558,0.4347705841064453,0.645810067653656,-0.02874266728758812,0.3985772132873535,0.6095833778381348,-0.029894281178712845,0.39311015605926514,0.646362841129303,0.0009457223932258785,0.4056724011898041,0.5555999279022217,-0.024713724851608276,0.40832000970840454,0.6456519365310669,-0.036276113241910934,0.3987872898578644,0.6910449266433716,-0.039917681366205215,0.35483497381210327,0.6491303443908691,-0.0025026174262166023,0.3666658401489258,0.5596583485603333,-0.03282218053936958,0.37504011392593384,0.6726914644241333,-0.039895761758089066,0.36559098958969116,0.7095670700073242,-0.03610532730817795,0.31690481305122375,0.6679419875144958,-0.009839151054620743,0.3300118148326874,0.5953971743583679,-0.04268103465437889,0.34353500604629517,0.7013997435569763,-0.03214428573846817,0.334617555141449,0.7320868372917175,-0.015280431136488914,0.2749338746070862,0.6999644041061401,-0.01790224388241768,0.2950322926044464,0.6386669874191284,-0.03579341247677803,0.3109789490699768,0.7093695998191833,-0.021112794056534767,0.30405914783477783,0.7376612424850464,-0.004501064773648977
move,9,0.38387933373451233,0.6617615818977356,-1.5280247112059442e-07,0.5078853368759155,0.6947460174560547,-0.030063822865486145,0.5984832644462585,0.7076797485351562,-0.06762459129095078,0.6578384637832642,0.7299480438232422,-0.10424081236124039,0.6784729957580566,0.7439935803413391,-0.13383637368679047,0.6255596280097961,0.35489046573638916,-0.06793700903654099,0.7069892883300781,0.5713784694671631,-0.12095080316066742,0.6578671336174011,0.6598631143569946,-0.14690104126930237,0.62160724401474,0.6388183236122131,-0.16455256938934326,0.5615625381469727,0.3425750136375427,-0.08205852657556534,0.6522466540336609,0.6154804229736328,-0.13106180727481842,0.6029024124145508,0.6899141073226929,-0.13672558963298798,0.5714590549468994,0.6525119543075562,-0.14139944314956665,0.49292075634002686,0.38645225763320923,-0.09943997859954834,0.5718877911567688,0.6574845910072327,-0.13926631212234497,0.5361188650131226,0.7086145877838135,-0.12711267173290253,0.5095186829566956,0.6628003120422363,-0.11887374520301819,0.42747336626052856,0.4633198380470276,-0.12067384272813797,0.4907565116882324,0.6840993762016296,-0.14437466859817505,0.47888028621673584,0.7217442393302917,-0.13900086283683777,0.46293336153030396,0.675426721572876,-0.13433176279067993
erase,0,0.45403289794921875,0.632394552230835,2.696192780149431e-07,0.5199878215789795,0.618636965751648,-0.010431576520204544,0.5598514080047607,0.5399587750434875,-0.005331848282366991,0.5711143016815186,0.4667966365814209,-0.0008138770936056972,0.5854147672653198,0.42402246594429016,0.0044838129542768,0.5365849733352661,0.404837429523468,0.015114306472241879,0.5563446879386902,0.3181607127189636,0.011137229390442371,0.5663384795188904,0.26086172461509705,0.003713143989443779,0.5736507773399353,0.21152012050151825,-0.0025557398330420256,0.5086314082145691,0.37829363346099854,0.013539095409214497,0.5295045971870422,0.2758614420890808,0.009741204790771008,0.5433576107025146,0.2116248905658722,0.0010101419175043702,0.5552585124969482,0.15859976410865784,-0.005507166497409344,0.4807494878768921,0.3691169321537018,0.008463140577077866,0.4946335256099701,0.2705151438713074,0.0017021644162014127,0.5074062347412109,0.2130902260541916,-0.007381284609436989,0.5187422037124634,0.16460075974464417,-0.013383278623223305,0.4499112665653229,0.3755739629268646,0.0017128571635112166,0.45813220739364624,0.2951142191886902,-0.005108327604830265,0.4668513536453247,0.2454649657011032,-0.009482399560511112,0.47620928287506104,0.19927911460399628,-0.012382542714476585
erase,1,0.41210347414016724,0.7011628746986389,2.7217495812692505e-07,0.4761001467704773,0.6701397895812988,-0.01604468561708927,0.5106080770492554,0.5735784769058228,-0.014241078868508339,0.5209851264953613,0.4888186454772949,-0.012005018070340157,0.5367556810379028,0.43714192509651184,-0.009354621171951294,0.4797348380088806,0.44657331705093384,0.004737911745905876,0.49005696177482605,0.35027050971984863,-0.003109496086835861,0.4941704571247101,0.2871474027633667,-0.012568484991788864,0.496180921792984,0.23241961002349854,-0.020119912922382355,0.447131872177124,0.42758285999298096,0.004539201036095619,0.4579745829105377,0.3176235854625702,-0.0018538559088483453,0.46566131711006165,0.24708496034145355,-0.011095250025391579,0.4725927710533142,0.18802225589752197,-0.018158510327339172,0.4160032868385315,0.42940908670425415,0.0006038043648004532,0.421284556388855,0.32602638006210327,-0.008252130821347237,0.4283316433429718,0.26390063762664795,-0.01684565283358097,0.4347207546234131,0.21322166919708252,-0.022676536813378334,0.38233238458633423,0.44882723689079285,-0.005466260015964508,0.38287821412086487,0.3661656975746155,-0.014519699849188328,0.38589203357696533,0.314350962638855,-0.01903616636991501,0.3894721269607544,0.2691726088523865,-0.021902378648519516
erase,2,0.49503734707832336,0.5293326377868652,5.131255988999328e-07,0.5481806993484497,0.6249673366546631,-0.011062278412282467,0.613612949848175,0.6601372361183167,-0.0010297237895429134,0.6625685095787048,0.6617002487182617,0.008358498103916645,0.6995278000831604,0.673981785774231,0.019381672143936157,0.6625665426254272,0.5590802431106567,0.038839191198349,0.7186388969421387,0.5614383220672607,0.04635731130838394,0.750076949596405,0.55954909324646,0.043796077370643616,0.7766397595405579,0.5553248524665833,0.04069986566901207,0.65953129529953,0.4995577931404114,0.04147489741444588,0.7198010683059692,0.49770787358283997,0.05084182694554329,0.7576338648796082,0.494916707277298,0.04581601172685623,0.7872610092163086,0.495148241519928,0.04130256175994873,0.6464882493019104,0.44622308015823364,0.0388445183634758,0.7039767503738403,0.43735605478286743,0.04214056581258774,0.734337568283081,0.4378621280193329,0.03560364246368408,0.7611453533172607,0.4425513744354248,0.030705420300364494,0.6253027319908142,0.39075928926467896,0.033923499286174774,0.6678917407989502,0.38005685806274414,0.03496143966913223,0.6936044096946716,0.37615013122558594,0.03399057313799858,0.7189851999282837,0.37697941064834595,0.03339137136936188
erase,3,0.3286728858947754,0.569221556186676,3.705008850829472e-07,0.3846115469932556,0.6414893269538879,-0.02569994330406189,0.456287145614624,0.6571229696273804,-0.025929156690835953,0.512054443359375,0.6423557996749878,-0.024532537907361984,0.5543463230133057,0.6384965181350708,-0.021384671330451965,0.509544312953949,0.536649227142334,0.014851815067231655,0.568536102771759,0.5068103075027466,0.011234981939196587,0.6010635495185852,0.48484593629837036,0.0013451622799038887,0.6291312575340271,0.46485456824302673,-0.006623608060181141,0.4982413053512573,0.4768313765525818,0.01983417384326458,0.5608982443809509,0.44288963079452515,0.019116060808300972,0.6004275679588318,0.4176197052001953,0.008800237439572811,0.6324062943458557,0.39842766523361206,0.0005702569615095854,0.47716471552848816,0.4297471344470978,0.018957439810037613,0.5360460877418518,0.39370986819267273,0.013771025463938713,0.5710663199424744,0.374032586812973,0.004291709512472153,0.6017572283744812,0.35957735776901245,-0.002361054765060544,0.44732677936553955,0.3867226243019104,0.014596721157431602,0.49272021651268005,0.3531339466571808,0.00734185753390193,0.5210164189338684,0.333015114068985,0.003187500638887286,0.5488967299461365,0.31846681237220764,0.0007207419839687645
erase,4,0.2568015158176422,0.7230006456375122,8.716890675941613e-08,0.3203709125518799,0.6461154222488403,-0.011788837611675262,0.34222784638404846,0.5244798064231873,-0.0073428526520729065,0.34440529346466064,0.4296202063560486,-0.004106688313186169,0.3528624176979065,0.3663991689682007,-0.0002499186375644058,0.2675347924232483,0.3982309401035309,0.0179001372307539,0.245153546333313,0.30243241786956787,0.014653230085968971,0.2255309820175171,0.2493615448474884,0.0053659831173717976,0.2068847417831421,0.2071896195411682,-0.002883574226871133,0.22812725603580475,0.4024203419685364,0.015755562111735344,0.1992337703704834,0.29223787784576416,0.014599195681512356,0.17977416515350342,0.2266002595424652,0.004256064537912607,0.1612265259027481,0.1730945110321045,-0.004409000743180513,0.19692832231521606,0.4265213906764984,0.00978265143930912,0.16778261959552765,0.32422131299972534,0.005412229802459478,0.15100690722465515,0.2647109031677246,-0.004188567399978638,0.13348954916000366,0.21163848042488098,-0.011641068384051323,0.1705872118473053,0.4716930687427521,0.0016779372235760093,0.14304250478744507,0.39058271050453186,-0.0039230454713106155,0.12804074585437775,0.3413865268230438,-0.007920087315142155,0.11417470127344131,0.2935432195663452,-0.010911705903708935
erase,5,0.737563967704773,0.7103197574615479,-7.272631830090859e-09,0.7766864895820618,0.6536537408828735,0.013191353529691696,0.7811720967292786,0.5662432909011841,0.022127389907836914,0.7799612879753113,0.5107969045639038,0.023760313168168068,0.7778668999671936,0.45747309923171997,0.024754228070378304,0.7579455375671387,0.4374657869338989,0.036394715309143066,0.7472164034843445,0.33888691663742065,0.03302974998950958,0.7363951206207275,0.2705274224281311,0.025592811405658722,0.7283899188041687,0.2130206823348999,0.0181987714022398,0.7512799501419067,0.4301101863384247,0.017768235877156258,0.7380703687667847,0.3136405348777771,0.0129093574360013,0.7299083471298218,0.23752395808696747,0.0022465132642537355,0.7224013805389404,0.17679479718208313,-0.006481536198407412,0.7416710257530212,0.43945014476776123,-0.0036248096730560064,0.7300203442573547,0.3252183496952057,-0.01177687756717205,0.7240384221076965,0.2532808184623718,-0.021724656224250793,0.7166177034378052,0.19217127561569214,-0.029431035742163658,0.7323015332221985,0.4618942141532898,-0.025066735222935677,0.7255944013595581,0.36930662393569946,-0.0348295234143734,0.7211909890174866,0.3077795207500458,-0.040835313498973846,0.7165298461914062,0.252096951007843,-0.045673102140426636
erase,6,0.37142813205718994,0.8358310461044312,3.949704421302158e-07,0.42396220564842224,0.7588294148445129,0.007408675737679005,0.4258597493171692,0.6749768853187561,0.010828920640051365,0.42568936944007874,0.6209418177604675,0.008203390054404736,0.4279536008834839,0.5676118731498718,0.006533175706863403,0.371023565530777,0.5776148438453674,0.03013402409851551,0.3954663574695587,0.4879207909107208,0.022021731361746788,0.4144343137741089,0.4195771813392639,0.01070781983435154,0.42938047647476196,0.36705297231674194,0.001990586519241333,0.3626088500022888,0.5741252899169922,0.01694859191775322,0.39033523201942444,0.4616793394088745,0.010398590005934238,0.4126393795013428,0.39041805267333984,0.0018486620392650366,0.43115025758743286,0.33091577887535095,-0.004731295630335808,0.3643132150173187,0.579425573348999,0.000454931752756238,0.3989731967449188,0.46599650382995605,-0.007528035435825586,0.4207214117050171,0.39535313844680786,-0.01470471266657114,0.4346291124820709,0.3393357992172241,-0.020030315965414047,0.3770410418510437,0.5919843912124634,-0.01689712516963482,0.4097645878791809,0.5083600878715515,-0.0222573671489954,0.4253600835800171,0.45732003450393677,-0.025116650387644768,0.43448811769485474,0.41120561957359314,-0.027985965833067894
erase,7,0.5584092140197754,0.5253603458404541,5.207411390983907e-07,0.5846176743507385,0.6410690546035767,-0.022514430806040764,0.6378887295722961,0.7405412197113037,-0.02116595022380352,0.6795199513435364,0.8130724430084229,-0.018364131450653076,0.7053514719009399,0.8692560791969299,-0.013784054666757584,0.7021274566650391,0.7148981094360352,0.017679044976830482,0.7559274435043335,0.7689729332923889,0.01808534562587738,0.7855478525161743,0.7974324822425842,0.010003114119172096,0.813605785369873,0.8218265771865845,0.0028481294866651297,0.7146214246749878,0.6589581370353699,0.023670794442296028,0.7696503400802612,0.7132188677787781,0.02901536598801613,0.8050068616867065,0.7433863282203674,0.02078585885465145,0.8349642753601074,0.769183874130249,0.012889998033642769,0.7161330580711365,0.5997623205184937,0.024472828954458237,0.7664833068847656,0.6503682136535645,0.028020454570651054,0.7954707741737366,0.6818711161613464,0.021639995276927948,0.8198930025100708,0.7100249528884888,0.015097209252417088,0.7102027535438538,0.5342041254043579,0.021670730784535408,0.7494443655014038,0.5685489177703857,0.024358268827199936,0.7726821899414062,0.5913200378417969,0.024951446801424026,0.793801486492157,0.614764392375946,0.024348581209778786
erase,8,0.24737319350242615,0.40592160820961,5.819263151352061e-07,0.27941828966140747,0.46076932549476624,-0.060780130326747894,0.3376365602016449,0.4954100549221039,-0.07786978781223297,0.3909408152103424,0.5249392986297607,-0.0850101038813591,0.44004184007644653,0.5560425519943237,-0.08979998528957367,0.41272079944610596,0.44237884879112244,-0.024984346702694893,0.47827255725860596,0.4404481053352356,-0.02953130565583706,0.517055094242096,0.43616941571235657,-0.040242958813905716,0.5502786040306091,0.4280494749546051,-0.04961970075964928,0.41078490018844604,0.38904041051864624,-0.0009155059815384448,0.47838497161865234,0.38370823860168457,-0.0011898470111191273,0.5234067440032959,0.3737024664878845,-0.01435595378279686,0.5575646162033081,0.3651438355445862,-0.026720792055130005,0.39865270256996155,0.3413216471672058,0.016225650906562805,0.46128010749816895,0.33911097049713135,0.013823716901242733,0.49967172741889954,0.3341546058654785,-0.001836826791986823,0.5325033664703369,0.3324038088321686,-0.015497085638344288,0.38162195682525635,0.2954818308353424,0.027376564219594002,0.4289071559906006,0.2861747145652771,0.022780638188123703,0.4591364860534668,0.28011709451675415,0.013011441566050053,0.4883975684642792,0.2812862992286682,0.00371324154548347
erase,9,0.2091822773218155,0.7230861186981201,4.55589486136887e-07,0.29506587982177734,0.7576717138290405,-0.01651042327284813,0.377035528421402,0.7117899060249329,-0.00693090632557869,0.43015730381011963,0.6538562774658203,0.0022208106238394976,0.4697727560997009,0.6293675899505615,0.01284682285040617,0.3850210905075073,0.5511685013771057,0.037863727658987045,0.4359564483165741,0.47772523760795593,0.04237174242734909,0.46352681517601013,0.4268392324447632,0.03492749482393265,0.4872356653213501,0.3780454397201538,0.02676728554069996,0.3610891103744507,0.4997729957103729,0.04009484499692917,0.413354754447937,0.4167870879173279,0.04517926275730133,0.44943317770957947,0.3603491187095642,0.033122144639492035,0.47915172576904297,0.31406471133232117,0.02256905660033226,0.3304332494735718,0.4681907296180725,0.036495037376880646,0.3773469030857086,0.37954241037368774,0.03629954904317856,0.40925881266593933,0.3338904082775116,0.02427740767598152,0.4373704791069031,0.2953954041004181,0.014657174237072468,0.29083913564682007,0.4482283294200897,0.029910899698734283,0.32476806640625,0.37398701906204224,0.026864254847168922,0.34907615184783936,0.33036571741104126,0.02196001075208187,0.3745477497577667,0.2911819517612457,0.017758585512638092
